"","Patient_1","Patient_2","Patient_3","Patient_4","Patient_5","Patient_6","Patient_7","Patient_8","Patient_9","Patient_10","Patient_11","Patient_12","Patient_13","Patient_14","Patient_15","Patient_16","Patient_17","Patient_18","Patient_19","Patient_20","Patient_21","Patient_22","Patient_23","Patient_24","Patient_25","Patient_26","Patient_27","Patient_28","Patient_29","Patient_30","Patient_31","Patient_32","Patient_33","Patient_34","Patient_35","Patient_36","Patient_37","Patient_38","Patient_39","Patient_40","Patient_41","Patient_42","Patient_43","Patient_44","Patient_45","Patient_46","Patient_47","Patient_48","Patient_49","Patient_50","Patient_51","Patient_52","Patient_53","Patient_54","Patient_55","Patient_56","Patient_57","Patient_58","Patient_59","Patient_60","Patient_61","Patient_62","Patient_63","Patient_64","Patient_65","Patient_66","Patient_67","Patient_68","Patient_69","Patient_70","Patient_71","Patient_72","Patient_73","Patient_74","Patient_75","Patient_76","Patient_77","Patient_78","Patient_79","Patient_80","Patient_81","Patient_82","Patient_83","Patient_84","Patient_85","Patient_86","Patient_87","Patient_88","Patient_89","Patient_90","Patient_91","Patient_92","Patient_93","Patient_94","Patient_95","Patient_96","Patient_97","Patient_98","Patient_99","Patient_100","Patient_101","Patient_102","Patient_103","Patient_104","Patient_105","Patient_106","Patient_107","Patient_108","Patient_109","Patient_110","Patient_111","Patient_112","Patient_113","Patient_114","Patient_115","Patient_116","Patient_117","Patient_118","Patient_119","Patient_120","Patient_121","Patient_122","Patient_123","Patient_124","Patient_125","Patient_126","Patient_127","Patient_128","Patient_129","Patient_130","Patient_131","Patient_132","Patient_133","Patient_134","Patient_135","Patient_136","Patient_137","Patient_138","Patient_139","Patient_140","Patient_141","Patient_142","Patient_143","Patient_144","Patient_145","Patient_146","Patient_147","Patient_148","Patient_149","Patient_150","Patient_151","Patient_152","Patient_153","Patient_154","Patient_155","Patient_156","Patient_157","Patient_158","Patient_159","Patient_160","Patient_161","Patient_162","Patient_163","Patient_164","Patient_165","Patient_166","Patient_167","Patient_168","Patient_169","Patient_170","Patient_171","Patient_172","Patient_173","Patient_174","Patient_175","Patient_176","Patient_177","Patient_178","Patient_179","Patient_180","Patient_181","Patient_182","Patient_183","Patient_184","Patient_185","Patient_186","Patient_187","Patient_188","Patient_189","Patient_190","Patient_191","Patient_192","Patient_193","Patient_194","Patient_195","Patient_196","Patient_197","Patient_198","Patient_199","Patient_200","Patient_201","Patient_202","Patient_203","Patient_204","Patient_205","Patient_206","Patient_207","Patient_208","Patient_209","Patient_210","Patient_211","Patient_212","Patient_213","Patient_214","Patient_215","Patient_216","Patient_217","Patient_218","Patient_219","Patient_220","Patient_221","Patient_222","Patient_223","Patient_224","Patient_225","Patient_226","Patient_227","Patient_228","Patient_229","Patient_230","Patient_231","Patient_232","Patient_233","Patient_234","Patient_235","Patient_236","Patient_237","Patient_238","Patient_239","Patient_240","Patient_241","Patient_242","Patient_243","Patient_244","Patient_245","Patient_246","Patient_247","Patient_248","Patient_249","Patient_250","Patient_251","Patient_252","Patient_253","Patient_254","Patient_255","Patient_256","Patient_257","Patient_258","Patient_259","Patient_260","Patient_261","Patient_262","Patient_263","Patient_264","Patient_265","Patient_266","Patient_267","Patient_268","Patient_269","Patient_270","Patient_271","Patient_272","Patient_273","Patient_274","Patient_275","Patient_276","Patient_277","Patient_278","Patient_279","Patient_280","Patient_281","Patient_282","Patient_283","Patient_284","Patient_285","Patient_286","Patient_287","Patient_288","Patient_289","Patient_290","Patient_291","Patient_292","Patient_293","Patient_294","Patient_295","Patient_296","Patient_297","Patient_298","Patient_299","Patient_300","Patient_301","Patient_302","Patient_303","Patient_304","Patient_305","Patient_306","Patient_307","Patient_308","Patient_309","Patient_310","Patient_311","Patient_312","Patient_313","Patient_314","Patient_315","Patient_316","Patient_317","Patient_318","Patient_319","Patient_320","Patient_321","Patient_322","Patient_323","Patient_324","Patient_325","Patient_326","Patient_327","Patient_328","Patient_329","Patient_330","Patient_331","Patient_332","Patient_333","Patient_334","Patient_335","Patient_336","Patient_337","Patient_338","Patient_339","Patient_340","Patient_341","Patient_342","Patient_343","Patient_344","Patient_345","Patient_346","Patient_347","Patient_348","Patient_349","Patient_350","Patient_351","Patient_352","Patient_353","Patient_354","Patient_355","Patient_356","Patient_357","Patient_358","Patient_359","Patient_360","Patient_361","Patient_362","Patient_363","Patient_364","Patient_365","Patient_366","Patient_367","Patient_368","Patient_369","Patient_370","Patient_371","Patient_372","Patient_373","Patient_374","Patient_375","Patient_376","Patient_377","Patient_378","Patient_379","Patient_380","Patient_381","Patient_382","Patient_383","Patient_384","Patient_385","Patient_386","Patient_387","Patient_388","Patient_389","Patient_390","Patient_391","Patient_392","Patient_393","Patient_394","Patient_395","Patient_396","Patient_397","Patient_398","Patient_399","Patient_400","Patient_401","Patient_402","Patient_403","Patient_404","Patient_405","Patient_406","Patient_407","Patient_408","Patient_409","Patient_410","Patient_411","Patient_412","Patient_413","Patient_414","Patient_415","Patient_416","Patient_417","Patient_418","Patient_419","Patient_420","Patient_421","Patient_422","Patient_423","Patient_424","Patient_425","Patient_426","Patient_427","Patient_428","Patient_429","Patient_430","Patient_431","Patient_432","Patient_433","Patient_434","Patient_435","Patient_436","Patient_437","Patient_438","Patient_439","Patient_440","Patient_441","Patient_442","Patient_443","Patient_444","Patient_445","Patient_446","Patient_447","Patient_448","Patient_449","Patient_450","Patient_451","Patient_452","Patient_453","Patient_454","Patient_455","Patient_456","Patient_457","Patient_458","Patient_459","Patient_460","Patient_461","Patient_462","Patient_463","Patient_464","Patient_465","Patient_466","Patient_467","Patient_468","Patient_469","Patient_470","Patient_471","Patient_472","Patient_473","Patient_474","Patient_475","Patient_476","Patient_477","Patient_478","Patient_479","Patient_480","Patient_481","Patient_482","Patient_483","Patient_484","Patient_485","Patient_486","Patient_487","Patient_488","Patient_489","Patient_490","Patient_491","Patient_492","Patient_493","Patient_494","Patient_495","Patient_496","Patient_497","Patient_498","Patient_499","Patient_500","Patient_501","Patient_502","Patient_503","Patient_504","Patient_505","Patient_506","Patient_507","Patient_508","Patient_509","Patient_510","Patient_511","Patient_512","Patient_513","Patient_514","Patient_515","Patient_516","Patient_517","Patient_518","Patient_519","Patient_520","Patient_521","Patient_522","Patient_523","Patient_524","Patient_525","Patient_526","Patient_527","Patient_528","Patient_529","Patient_530","Patient_531","Patient_532","Patient_533","Patient_534","Patient_535","Patient_536","Patient_537","Patient_538","Patient_539","Patient_540","Patient_541","Patient_542","Patient_543","Patient_544","Patient_545","Patient_546","Patient_547","Patient_548","Patient_549","Patient_550","Patient_551","Patient_552","Patient_553","Patient_554","Patient_555","Patient_556","Patient_557","Patient_558","Patient_559","Patient_560","Patient_561","Patient_562","Patient_563","Patient_564","Patient_565","Patient_566","Patient_567","Patient_568"
"CDH10",14,14,0,686,27,97,0,18,17,4,89,152,292,3,0,71,0,0,1,2,3,0,0,65,0,0,58,0,357,43,83,75,39,97,28,27,4,43,14,249,9,0,0,120,54,154,73,39,43,38,232,24,1,95,0,64,1509,22,25,123,0,68,46,1,18,56,805,17,60,1,19,6,0,4,0,7,3,0,0,38,83,10,0,9,1,25,11,0,0,37,54,3,23,68,68,22,59,39,0,0,0,15,111,4,16,40,27,122,0,74,5,5,45,0,36,49,97,31,2,63,0,138,0,53,83,145,16,790,6,5,73,0,47,24,57,12,37,91,3,1,0,22,27,1,51,0,45,18,65,48,0,21,9,30,0,15,1,207,68,0,109,36,0,139,103,0,290,18,0,0,5,206,38,674,72,57,73,196,13,50,20,9,105,8,138,133,0,12,56,0,41,1,48,5,68,129,50,0,22,14,73,4,6,0,12,0,11,28,3,139,101,12,48,4,99,109,32,152,43,2007,6,18,34,40,1,24,63,236,103,1,73,2,0,0,14,15,950,4,48,41,11,0,0,60,5,0,21,215,0,23,11,0,179,5,1,0,36,104,103,0,60,82,1,3,56,42,0,10,6,0,19,0,17,15,1035,113,42,55,9,0,15,21,43,287,4,41,68,0,37,0,62,26,44,99,0,2,23,6,8,24,1,2,43,3,20,28,47,59,53,0,40,20,386,20,7,1,4,136,2,9,185,71,0,3,40,15,389,15,0,9,97,1,15,36,60,0,7,29,0,116,9,71,22,0,71,0,60,671,11,1,11,19,99,98,0,2,28,31,27,308,57,4,1,53,16,49,0,18,85,74,1,0,72,10,18,92,73,38,11,85,17,58,13,0,189,44,57,0,114,144,0,12,51,159,135,6,60,19,73,1,227,21,0,214,29,0,1,15,12,298,25,10,12,20,408,30,16,137,2,61,406,40,0,7,3,0,12,57,341,3,5,0,0,0,18,61,13,25,101,0,162,15,36,4,0,59,0,115,47,115,18,13,91,20,54,45,1,1,85,138,0,5,50,1714,7,0,2,23,29,198,25,0,29,12,27,9,68,97,0,19,89,2,121,459,4,28,31,0,123,0,1,2,14,166,189,4,0,0,114,60,35,42,75,22,30,116,74,177,61,0,4,1,0,6,17,0,71,23,0,34,5,22,20,26,2,141,8,263,7,6,103,0,0,0,0,29,0,18,74,0,0,121,27,68,19,6,10,7,0,85,1,66,25,130,7,27,0,2,0,48,7,0,5,0,2,14,30,29
"PREX2",118,118,0,162,441,2477,0,1027,2045,79,2620,3618,2415,887,0,1743,341,0,389,0,706,0,414,1403,0,0,2856,0,394,452,0,1950,1619,3309,2082,1698,167,1302,1712,933,726,52,1454,5056,465,758,1264,2173,2866,1272,3071,1313,661,2217,1,154,2229,1265,1351,713,2871,2386,6666,1545,702,1520,1688,135,1701,0,1337,262,0,149,0,1403,497,0,0,1306,1824,648,3220,204,100,152,1695,0,122,361,1441,574,3654,2519,1146,1779,3207,3239,0,0,2,188,739,311,2165,646,838,2665,1,2417,3576,1234,2369,1,1372,959,1257,1334,373,2303,140,2139,0,5314,2014,2819,1530,2633,9278,1235,10796,0,2231,1111,2104,242,2437,447,1124,0,295,293,1037,615,804,0,1291,22,1342,537,0,1526,641,264,0,697,0,2232,1103,0,1393,1488,1,1133,3450,0,2449,2259,0,0,526,174,3667,627,1958,909,2657,140,606,1928,168,105,2376,843,1839,251,0,698,1744,1,1085,1035,2078,290,2069,1522,2316,0,591,1696,3451,163,128,0,709,0,218,1558,190,4853,3142,636,2836,446,1592,1780,402,941,501,408,876,1892,878,2190,2,1068,2463,2075,3629,21,943,940,0,0,412,1319,2579,2655,2589,306,366,0,0,898,236,0,1567,3174,0,919,2110,0,764,592,366,0,2320,149,467,0,4396,2423,0,190,1759,1189,0,2073,1981,1,691,0,287,2732,208,862,3073,862,595,0,301,890,2461,8817,293,467,170,0,1365,1,2272,659,830,1654,0,181,1183,213,312,448,1704,105,1852,598,2075,1502,454,550,1445,1,392,881,3000,277,2073,4,319,2900,123,480,4449,2248,0,260,290,706,3544,146,0,642,429,0,512,1128,1366,306,3698,1632,0,1287,1367,1886,1979,0,1410,1436,857,3162,1362,0,450,360,959,2116,0,253,1530,4770,1823,1635,2586,538,0,1523,1270,719,0,992,3999,840,185,0,1010,314,3051,2061,376,1769,515,746,2563,1267,571,0,2521,1718,484,0,2144,869,0,658,1528,416,1782,1595,493,156,1676,1115,2116,172,1,3044,869,0,244,944,422,2788,1695,984,5,2221,3748,749,806,1517,376,1368,4829,2173,0,34,79,3,210,5507,2102,0,1169,0,0,1,583,1702,2688,513,1814,1,3855,2505,1513,1191,247,1812,217,7150,1834,469,1,326,644,154,1345,3532,1,0,3964,537,0,177,1322,3129,1612,2,525,1330,3881,2450,1859,731,1044,78,1087,1765,405,1871,171,672,2612,497,1159,731,0,2349,475,0,4000,0,0,713,936,2826,2924,346,1,0,2290,293,2510,1074,2754,341,1228,2284,191,1248,2539,0,37,125,1,1290,625,0,2668,1176,0,1228,893,877,2376,2355,1,2990,1154,586,236,582,2026,0,0,0,166,994,0,890,1765,3,202,3045,600,1979,801,388,210,915,0,2099,311,972,1056,2698,1929,1853,2,212,1,2095,163,2,244,27,283,720,879,2564
"MAP2K4",918,918,1208,1758,1953,2392,2035,1404,1700,463,1646,2503,2322,1947,1344,1810,1186,1043,1843,3014,1240,966,2403,1943,635,988,1913,1333,1324,926,2635,1609,1357,1662,1563,2757,1296,1293,1959,1422,1304,760,2171,1725,1257,1052,1252,2075,2464,1738,2935,922,1482,1399,1606,823,3133,793,1601,1822,793,1471,2048,2222,783,1640,1876,862,1604,2048,2665,1070,1278,928,663,2041,865,2156,705,1529,1667,1088,1747,799,644,1057,2044,1775,538,1012,1237,850,1526,2268,1235,1749,2485,2271,1892,803,788,773,1340,1211,1648,936,1809,1679,1010,1674,1545,920,1791,900,2074,881,1623,2235,1050,2072,421,2192,2590,1975,1367,1913,3337,2371,1739,1342,2541,1077,1711,1538,2578,504,1329,631,2063,1728,2181,950,1684,648,1139,820,1983,517,1389,1175,1242,1164,1486,684,1542,1305,1861,2547,1647,898,1870,1686,969,1946,2317,955,2593,1832,792,1073,1141,1375,3096,1335,2163,935,1882,1867,560,1150,560,1239,1741,1692,1222,1016,907,806,1717,2955,1734,1537,1312,947,1898,1905,1806,1274,1210,2413,2181,646,344,2155,1523,1270,534,1713,883,1858,1570,1227,2281,779,2625,2620,931,2249,851,1604,1675,1608,632,1714,1406,978,1906,1929,1629,4318,1434,2905,1136,834,1022,2035,2352,2360,2209,1213,1090,2294,648,1497,1533,1441,1436,1882,1907,1235,1837,996,2137,806,1213,856,2019,1040,698,1087,1559,2159,836,691,1451,1351,2094,1819,1995,958,1524,1237,495,1842,2394,1706,1840,1199,1428,1089,256,1022,1886,2689,676,1126,679,1063,1839,0,1636,1110,1517,2021,1969,1229,356,874,950,1448,1277,1204,2034,870,1323,2019,1158,1342,1764,1053,906,847,2060,1150,1657,1613,742,2000,172,985,2156,2078,2048,766,2172,1063,2769,1098,818,1397,1076,2,1517,1601,2253,1805,1249,1323,1027,1842,1214,1253,2339,2320,1329,1489,1052,2240,2704,1490,1451,1111,1554,2109,2491,861,2202,2054,1691,2607,2123,940,1153,1392,1955,1973,1123,1873,2030,1996,777,2,1994,1156,1504,2065,1205,2270,1309,1030,1595,1940,1037,1840,1897,1490,1175,1295,2097,1564,1331,958,1087,1448,2173,1915,1159,775,2109,1594,1866,756,1200,2471,1928,1772,887,1916,920,2106,2631,1674,2854,2046,2213,672,1815,1480,1011,1705,2376,1654,1319,312,1577,1115,574,1821,1632,1295,1988,762,2199,1008,1038,1676,1239,913,1765,1384,2313,1180,3068,1780,501,1781,502,1900,1943,1149,1790,447,1481,332,2319,1807,911,2015,2462,1477,2118,2127,2585,3248,1759,1319,1774,1289,1382,2018,2224,1865,925,560,2081,1991,1327,2606,606,2125,2038,1067,1928,1950,1634,2276,1266,1835,2322,0,2515,1645,1348,2089,1272,1249,1203,1028,2216,1112,2293,1377,2003,1187,1556,2229,1208,1245,1842,1368,486,373,1384,2557,2008,2442,1700,1575,2008,2027,1988,2494,1355,1890,1391,2793,1369,1550,607,596,2746,865,0,1488,1262,1056,1124,1325,959,954,533,2520,1379,1733,1444,557,1239,918,1680,1479,844,1214,1623,1908,1658,1412,1666,1308,1778,1811,1137,938,251,1108,1679,2020,2485,1864
"FAT1",8597,8597,53133,425,31629,39417,29438,62260,58777,12606,43245,36905,31809,48323,82345,26439,34075,33554,44147,110501,63248,33341,24641,58730,19132,30149,48155,55562,7392,5292,41494,13647,47800,22267,52361,109251,8022,29985,88788,4572,7398,6376,2350,18477,12041,5766,44075,40950,59767,53266,23245,42132,39619,24314,86818,7028,15623,10433,74476,17237,5614,26569,16467,30981,26817,31552,33161,9100,19574,38049,25935,18075,23607,7832,113167,51349,9814,95101,37914,55340,56819,11747,33759,17427,6870,11863,37175,179867,14764,16833,33664,25554,27240,36750,16207,46940,24479,62088,177340,19743,21573,9373,21836,15259,53028,5855,117083,31305,164481,14411,17587,39020,45864,94446,50734,28788,17653,90293,16428,18761,4876,25341,28413,56953,11902,15723,40031,17230,12475,29959,48387,72018,33123,82632,32779,3760,40621,6879,54174,32872,555,7875,61062,25351,40068,36940,36990,1866,42209,11508,57179,10847,25711,4990,136321,53597,50724,42507,28923,98641,56373,68592,34162,6779,37564,52226,24117,53467,47237,42205,11281,41565,78442,5899,27119,39078,32108,9460,5633,42272,3754,6961,28976,31332,31602,13296,66884,38149,65490,124556,37687,38753,26562,20323,36557,13360,33504,5463,34394,75534,37838,4982,9228,35953,8418,183128,5407,44114,11689,42739,31769,16848,40393,9190,40327,99658,5645,49405,5283,6816,15281,16646,27325,48398,178544,63680,52456,54730,43527,21746,40285,42546,44655,31547,16354,56811,45055,39679,58659,11701,12721,186263,32859,17087,23211,6874,19963,25882,25483,11302,51817,94064,10991,5982,2940,55278,37271,2727,5142,11940,15443,16859,30403,18420,32833,25347,86002,51187,19883,48768,95179,99509,7664,10999,933,19011,26341,7493,25940,43905,4239,10159,51431,27416,11842,16014,5175,56820,41093,31225,43239,6850,13831,30680,25876,25136,7183,17158,13205,10163,29951,25728,25211,10004,16585,24664,7568,13532,61440,80157,4998,26967,22718,8905,48181,41863,9510,21708,14100,10894,21401,31300,64241,13812,44327,6494,15156,16037,36258,12144,12261,162933,21056,11377,56537,1790,27962,44439,32203,24755,7743,23248,50854,250076,33850,33080,11631,18482,56055,248187,16253,17442,12877,29315,21169,16201,61106,51228,46297,15896,62164,14058,24469,15303,57540,47876,17707,39322,76922,15796,6720,44756,25406,10925,59952,22253,16209,35435,13938,10468,48658,47765,10191,16896,26248,20884,9131,115209,22830,11347,103636,10052,17519,9431,65597,51197,7862,19328,42347,55393,19826,7305,3783,12844,20703,43109,24816,31278,7477,26708,84547,15131,34287,65751,16048,8412,21566,24216,12595,33154,6496,33426,89160,845,9563,52718,7108,21468,28312,135590,59728,45299,30171,57660,10362,34814,44117,30207,80065,78959,39078,43149,51391,42710,10072,22791,20915,40840,57278,12986,37469,23624,3001,2090,57416,49568,88947,30134,19488,38272,35507,15447,44622,13105,46736,85761,47049,49675,23204,56244,94295,69073,10973,4067,25746,49560,17455,64315,5035,2680,72767,13921,49087,6517,49262,45934,3951,9056,71540,122071,62315,44294,9368,44204,13928,3005,27407,13602,33609,3472,63871,54279,27670,6360,34843,32644,9275,9915,31881,125725,4165,12874,225232,53775,64094,170598,21597,18164,25023,31828,56324,43620,26956,62605,97084,40014,43308,14062,10032,6405,110999,14801,125113,36151,79828,27874,66650,110527,18458,62360,6099,52280,11446,34030,48039,21893,30132,14578,28229,31993,10438,7508,6477,40367,31583,40736,101085,373,140479,59156,16067,37982,4286,30164,15997,26972,24604,43072
"ATRX",2032,2032,13706,1907,6912,10378,5548,11057,7597,1928,11175,8615,13593,10049,4333,9772,8292,5558,8111,10951,8612,5841,5158,12897,3363,5020,10457,7856,2477,1829,7397,6159,6596,6595,8243,12565,3419,7063,6742,3061,2892,1931,12128,7937,3891,2647,10092,9810,13914,9114,10463,10181,7386,9908,11214,1734,8141,5973,14093,6269,2328,8118,10449,12751,5218,8574,8822,2066,7062,6220,10515,4455,5773,2283,12824,11613,2654,10144,7433,9635,21721,3548,11555,2959,1493,1914,12615,10123,1642,4330,10133,4965,9296,10480,6241,10012,11357,11115,7312,5611,11474,2118,5400,2308,9350,2663,10235,9953,8895,9791,6795,6319,11355,7523,11562,5378,4877,9357,5849,8225,1299,9797,5572,10282,6522,8330,9845,10723,8934,8005,32272,3561,8632,9765,9739,1300,12160,2190,12089,4254,5304,2820,8638,4245,7545,4767,10181,564,9234,2834,7484,6754,14876,1445,11116,8137,19482,12521,12135,7691,9515,8960,3130,4049,7724,6811,11371,11261,6139,5431,2892,4345,17986,2651,9982,8473,8405,3746,3987,7053,2035,2162,10050,4931,10041,2555,4308,5218,10193,8545,10513,7845,8921,3188,10871,4856,6691,2945,7091,8268,9620,865,1598,5115,3377,6629,1398,9197,3180,9254,10492,2895,11291,2111,8850,15173,2127,5968,2682,316,3695,9559,3790,11940,5123,7958,28446,12069,8643,9398,5919,8300,3893,4135,3386,7025,9543,11207,9252,3237,2306,15465,3982,6853,3463,4419,6208,10696,4614,5268,9551,7310,6469,3461,2995,5630,10514,1405,2034,4072,9523,7878,3388,2500,9046,7973,9061,10419,12455,5124,8394,5584,2173,9367,3445,5645,8783,2781,8547,6500,2326,5464,11920,14349,3407,4166,1335,5358,9587,8088,8929,2895,4124,8403,4390,7979,5516,2276,3008,3254,7679,2942,7905,2673,8017,8267,3205,3243,9080,5858,1759,6672,8676,2350,9346,11472,4617,12717,2046,1621,10711,7522,5483,3123,6176,3137,11291,3210,3518,3875,2855,11033,3486,4730,11778,820,8267,8174,5544,9683,18303,7927,12805,21158,8381,8117,3688,14733,7320,13435,3226,3244,4768,11111,5606,2266,11044,10702,10038,6940,11855,7903,2445,7161,13838,10567,2469,10609,10479,6040,2833,5343,8216,3904,12620,9714,3056,11786,2914,3934,13700,9446,2597,4455,8137,5491,2451,7329,13087,5311,8339,2672,15755,3282,9820,7357,2438,3304,13255,12355,7283,3068,3238,6959,5839,15294,4399,10498,1912,8178,14473,4680,5710,8073,9141,4761,7811,7067,2647,8217,14226,10617,9702,347,1732,5824,1544,9752,10818,8350,8963,3994,5492,8506,4402,9887,8855,7271,8465,6532,12872,8616,8765,10299,7110,6609,2636,24668,8289,3458,6408,2623,2641,765,10274,12538,9975,4988,12367,23589,5140,3371,8608,10367,6797,23560,8062,8250,9530,10027,17431,11078,5303,1041,11424,11990,3728,12694,1313,13899,13442,6225,9517,3609,5149,10987,1899,5335,9886,22144,6248,9019,2589,10344,8178,4109,5884,2503,7589,1363,11816,7303,12718,2629,8085,8356,3462,3958,14400,11861,801,1578,11802,8721,9657,9717,8754,7434,2734,9061,9392,9993,7992,10296,7138,14302,4899,3014,1694,3768,19877,3077,10557,5466,7125,6354,8675,7829,8403,10626,1875,13303,4896,8537,6791,3266,3934,5371,4325,9047,2171,4357,3750,7357,6102,9720,6769,4797,10333,10061,3518,8069,2000,1611,5994,6737,7379,13302
"GNAS",62473,62473,16983,766548,70546,32612,25377,28952,12085,27485,12151,29273,27343,19212,27933,21951,11001,34527,116502,18306,10217,26682,65679,17654,13562,23118,15406,17351,168647,55116,23049,52701,13266,17654,18628,13575,32207,13297,11304,108020,37942,18312,12960,13347,56724,64303,24477,14119,20083,15861,117735,15208,71695,27798,44029,93554,297025,29303,24722,72800,9003,15451,16442,10836,6313,13413,37859,59949,18014,17152,15642,37675,21721,51838,13658,22452,29933,33265,14327,12183,39744,64904,16579,42631,34583,52308,18682,26013,27385,38123,26043,6749,10783,14974,11426,13249,17569,19229,41021,26672,11371,60259,67757,23422,11676,43999,16123,18865,16395,17809,13772,13180,13203,13931,14880,10637,56548,21108,64769,15003,20732,18037,29364,12935,19940,15012,69793,33772,15047,21845,95123,21599,18755,16353,15583,27624,17283,48035,16485,21161,122072,56728,13480,6002,27818,17768,14849,13411,22414,38755,20217,18860,35150,44250,25045,23622,29571,16229,15595,12820,17507,9999,23868,63052,20327,14362,17650,15493,23295,35209,51344,133334,37092,272508,97877,34745,14097,1530569,23540,17659,35020,47504,19759,75563,21192,79011,21176,16278,18070,21274,19059,19193,17430,38056,22522,68436,15448,42784,61656,13497,19714,41116,27079,25439,44078,20879,24370,16717,47368,19269,14205,64731,15820,35043,181175,76183,61950,95287,34371,279030,54054,16137,17121,26629,28074,21399,50963,18483,16601,28572,73639,71338,18980,16539,43967,10578,31557,12084,13009,47451,45672,27137,21675,18541,74862,37210,14225,19829,24683,12887,12581,16004,81023,40381,55961,39727,17848,65721,65961,25418,16442,70007,10129,37145,13638,16815,27374,14199,14867,23286,44561,19073,41436,9406,488082,76172,12260,47856,64558,23103,25867,13430,15887,25553,49365,58634,51065,18818,25972,5072,17629,36850,68747,15919,23276,10581,13372,59403,79750,66004,10345,56123,19601,28583,13220,14052,51330,49510,15346,23436,42913,14189,33292,47005,8424,22245,8880,24962,46450,31611,19492,15966,20840,44008,58881,52046,135406,58323,12690,44372,72595,56984,51946,54963,19154,68971,11888,12948,24294,21450,29609,11375,18970,20960,13132,15105,51444,84951,12606,32569,45226,61783,88473,17357,23906,39989,18126,16385,17372,106578,18012,22821,27193,21342,18207,21005,21365,17250,20771,64984,56989,23718,75244,54008,14004,15435,112372,19812,56912,66356,26012,26025,42840,28776,16266,14746,59358,7182,19890,67969,17162,36917,29892,107861,18844,10584,62878,49558,37000,16843,19871,45592,31996,97639,64489,24200,45551,15528,35532,24982,28818,42950,11405,17046,30169,17487,13913,19032,34888,14116,20873,15078,19151,18627,43554,11588,27481,18425,39533,18269,13074,27166,23609,24098,57237,14148,16203,15341,21691,16580,19625,14028,68238,11328,6798,16126,4802,51728,12317,69721,22384,32963,43253,63750,14634,18430,21304,24559,18798,54297,24471,44403,14333,215421,13659,12624,45535,14781,14183,35479,47141,39752,11143,57320,12646,19343,67436,27766,19910,12785,38753,41159,66967,137090,17337,16363,57532,27078,17822,24762,21476,24307,49756,21168,16240,41516,18728,19431,20444,58211,12327,12585,25115,50846,14635,18044,78100,56089,21635,28368,36691,54712,24034,16665,21670,20128,15050,51769,28602,16646,24902,85335,11912,14731,10697,27657,8555,103742,41142,11004,53747,24220,19452,13157,37754,22868,11557,10354,16385,10332,34440,19763,44933,16119,15814,3607,64041,10691,17509,15498,51683,38338,42121,19078,7553,14208,28117,31498,10210,28763,41940,11991,22075,56539,65560,12746,56690,17574
"EP300",2675,2675,9242,1246,8311,9156,4125,9834,5761,1967,4964,6617,5510,5535,6522,5228,4451,6266,7751,7061,5360,3853,6126,4383,4322,8621,6120,9110,3307,3054,7114,6799,3804,4500,4864,5479,2332,2933,5694,3454,3669,2476,6397,4207,3350,3090,7300,4032,5623,4673,11706,4029,7288,6451,13360,2102,8405,4668,10020,5927,2221,4834,4099,4082,1921,3428,13136,3507,5228,3566,5527,3804,3766,2451,10534,5631,3119,7300,4314,3526,17893,4014,6848,5133,2849,2297,4428,9042,2294,4974,4567,1935,3204,4394,4025,4804,4812,9231,8699,3499,5716,2786,5721,3441,4093,3360,4192,3245,10624,5169,4688,5513,5819,9904,3782,2608,7196,5038,4117,3883,2072,4400,3754,4657,4804,4297,13471,5325,5419,8791,61647,6720,5078,3816,4722,2074,4715,2690,3974,3339,6310,2685,3536,2683,7116,3534,2934,505,6653,5059,9372,4222,7401,4022,7955,5399,7536,4415,4324,4968,5121,3754,3084,4418,6972,5113,4463,4978,6658,3987,4335,2864,14062,2641,14538,5701,3765,5821,3287,6814,2014,1942,5192,6387,6697,4042,5905,8291,5301,16363,3954,6529,5661,6027,4994,5927,3888,5127,9516,8031,4716,1828,2056,4061,5370,11164,1517,4927,3444,4482,5528,3452,5972,3780,10610,11492,2733,7559,3480,2201,6838,5758,4572,10129,8129,8207,37733,5999,3427,8914,5794,9996,5298,17302,3850,4293,8215,5054,3780,4629,3365,11522,4639,3767,3888,4820,3638,4973,3586,3629,3934,6035,11406,4492,3455,6555,6590,1479,2490,6744,5614,8546,9029,3577,4998,2863,9539,4755,7718,4161,15918,7059,2558,4982,3297,6881,3997,3290,7106,6664,3140,3371,4486,7036,2599,5137,1239,9493,7556,4726,4220,3177,5657,3823,3819,4271,5888,2863,2692,3073,4077,3134,4126,5165,4550,3630,3789,5077,4284,5972,2345,7330,4570,3344,4979,3689,4789,7059,2057,3173,4463,4037,5481,3315,7545,4578,10489,7219,5101,4148,4121,13775,5408,5266,6354,2691,3745,6681,5219,6319,32664,3164,5521,15043,3816,3701,3621,8441,3483,8931,4963,4756,4416,6475,8955,3440,4867,5593,4695,8047,3988,5321,7043,4169,3538,3832,6656,3890,5145,6711,2641,11078,11317,3873,7040,3850,3910,5530,4095,5463,11674,5636,5183,7692,4914,3665,2874,9810,6680,6886,8447,4276,15940,3862,4747,6353,2910,2306,10754,6519,3838,2475,4924,8974,8893,10947,4780,6450,1997,3997,5509,4739,3367,7834,3759,2967,4064,3063,3299,4591,5562,6053,7476,366,2928,2370,2039,6569,6959,12110,5076,2890,4013,7285,4834,3890,6302,6117,2791,6603,4752,6134,12600,3995,7365,4336,2466,33441,4212,3714,6707,3268,1997,1423,4070,5451,9029,3988,5799,40831,4298,5284,3855,12306,8620,9601,8183,4826,3512,9208,10507,14566,3015,1215,4893,5328,4146,4922,1673,6686,11080,7493,12823,3637,5174,5170,2111,6184,3639,19525,4967,8157,3289,3937,4628,3959,4501,4317,4653,1724,3923,3407,9552,3167,3950,4036,3988,4410,10710,11927,680,4476,16646,5388,5117,8071,6063,8998,4140,4894,7629,8466,4818,5055,6751,7918,5787,4060,3044,2399,19766,3081,6868,4699,9667,5847,10651,2183,4874,9817,1838,4560,5663,4372,4540,2386,6722,3178,5377,5386,2873,4363,5067,3277,4957,3715,6650,5160,12409,9644,6495,5540,2665,5074,5374,4553,9974,5043
"HIF1A",6155,6155,16927,2684,22384,7805,29831,16600,3377,10466,7318,14687,20161,10336,11099,6682,13487,8771,9302,20492,8461,6250,14946,8501,4453,9869,11475,5518,10713,5212,21476,18090,8827,4528,5769,8737,5398,15027,3262,7806,20434,2400,8841,6069,12260,6704,11602,6992,14214,9461,39953,11157,12242,7387,25661,15263,23834,1680,12297,17823,7978,12009,6786,12553,5667,17010,5254,3278,6362,16957,17749,8386,8956,7717,6954,10348,18275,25299,5477,12424,31121,24219,10061,9582,4888,6298,14428,17183,10586,13269,15724,5942,7645,9878,3818,18997,8583,10082,5380,5655,6760,9997,10236,3848,18925,14570,10185,12508,8283,6997,13818,6960,10153,8790,15918,5166,10334,12085,16294,8295,3057,12439,30172,8712,9267,8844,23785,13650,6859,8805,21258,10722,7699,20512,19064,4193,15536,4839,14272,23126,5062,12399,5948,6216,8449,7429,13552,337,20083,12853,9060,2102,8413,3886,11353,10483,16939,13050,13822,8026,18067,11384,5110,13276,6242,17870,10176,15466,19526,10770,11185,5159,25035,3014,17471,10613,8507,5765,860,6893,1558,4265,10058,11885,8066,5413,19751,4550,10725,16950,11151,8854,8161,5240,22122,14190,7739,7601,12124,3264,19138,5472,4146,24726,6288,4630,4793,9187,3127,6028,12009,8636,6942,6111,21599,16476,5990,12708,3761,3055,5420,6989,3715,20744,11155,8237,39227,14567,9673,35584,12261,37521,8087,9243,5248,5048,6343,8736,10751,8678,4815,8718,13222,4567,13536,10199,4560,9777,23659,2264,9163,8312,20200,5901,8068,5754,8138,7219,7713,6528,6683,17806,8440,5905,10267,5736,8771,18055,5831,5421,18281,2078,7033,7618,6891,12975,7864,10535,14747,19882,413,2168,7300,9663,7857,10642,2626,16685,12167,3310,11735,9527,9598,11335,21223,19011,5531,9006,13855,6306,12244,3840,6256,4580,4230,13348,11451,6995,11241,19680,4343,5343,6106,7833,9073,12522,14106,13384,4522,6804,9991,9427,11994,13092,19112,10523,18065,9433,4545,9278,13689,46480,12547,9082,14480,10747,4968,5524,10939,12700,22282,9752,13073,11203,9151,9267,13238,12221,6203,16475,5566,9682,11749,13077,5327,7225,14237,7739,12318,25375,10082,10477,7661,3322,18621,8832,6031,12305,6665,23394,7448,13682,8265,8116,8049,14684,7180,13228,10199,10291,10098,15327,3759,15527,12654,4315,17609,3128,13907,9321,6338,7027,6782,10050,21960,3702,9198,7241,21109,10487,5112,7649,9429,18404,22640,13094,8957,10102,7332,11693,18041,20729,22491,3944,9559,1486,20636,6029,8356,20375,6881,10571,5430,909,3398,17961,3541,6343,12333,19004,14058,6113,37107,16368,12826,9680,9740,9955,14370,9129,8268,5200,15459,7937,1351,8345,1600,26054,14046,9436,11803,10124,10727,2869,22146,8316,7889,29141,10982,22589,21763,9487,9456,16784,2825,7647,11171,8375,6033,13261,17014,17322,2556,2581,7982,12330,6504,21836,2983,11302,17707,8708,16155,4493,6621,11471,6563,13983,7531,21997,20397,8341,13628,13035,5911,9851,5498,5281,9085,4696,9353,7189,12550,11507,13205,12344,12977,9913,23633,8866,2444,6683,8722,19352,13159,10969,25679,17110,6582,23490,22018,21290,8229,10317,7638,15766,1979,7839,7152,1498,13053,4803,9764,10317,17604,7144,6872,6263,4996,12289,4870,14507,9236,9941,18838,6589,7363,2880,5477,6935,6979,11342,14860,9936,2505,10185,5625,5071,5631,20015,5725,4952,534,3973,15074,29171,24942,11171
"AKT2",3716,3716,2763,2798,5064,3952,4237,4093,3808,1533,2571,4672,3135,3143,4147,4313,2191,7392,8022,4728,2712,12699,6730,3090,2970,5357,3537,4917,5747,5107,5325,5270,2470,3325,3469,2467,3632,2817,3489,5427,5296,1846,4081,3332,8489,3481,6110,3468,3924,5639,8203,2431,5732,2778,4364,5701,5316,4274,4570,5679,1750,2794,3142,2603,1212,2177,4136,4578,3532,3119,3355,6784,4953,4896,4910,2845,3915,7235,4681,2419,3642,6125,3424,4723,4910,7363,3332,6170,2537,6645,8361,1176,1936,3562,2774,2789,3067,2935,8406,3603,5313,5989,4506,4154,2789,4156,3109,2940,5327,2979,3685,4173,3143,4206,3409,1610,5170,4210,2299,2493,2083,2968,5115,2410,2685,3724,6984,3351,4757,5083,9272,5593,5361,3019,3454,2077,3096,3680,2851,3901,5437,4875,3206,1419,3145,2995,2256,1661,2706,3596,2751,3328,3433,8963,5368,2716,3756,2882,3040,3063,3261,3413,2121,6309,3854,4235,2611,3118,6347,6318,6078,2937,5773,5576,6615,2745,2312,3854,3409,3255,2837,4107,3142,5697,3379,5690,6290,5634,3748,4368,2241,4928,2979,5361,3118,6074,3751,5944,5923,3877,3566,1856,2030,4745,6839,6214,2200,1904,5708,3220,2817,8764,4935,7914,10232,9717,4019,5814,4056,5258,6110,3207,4741,4022,5946,3812,6728,3972,2499,6788,4703,5159,5002,4454,4047,2363,4258,2968,2429,4639,4330,5685,4517,2337,7753,3728,3532,2601,4727,1878,2405,3044,7492,4752,5685,4369,2575,3442,18083,3004,3321,5755,5664,4403,2768,2466,6245,2486,3608,3779,7718,7840,3012,2557,2741,8699,2171,4988,5348,8836,3874,2400,2730,3971,3799,4827,3174,5351,3389,3608,2896,4074,7208,3241,4319,3525,2058,5485,6176,4483,2310,6501,4104,3791,3271,2657,6177,4830,3596,5188,3406,5185,3912,4484,3780,2755,1894,3661,3808,2453,3327,3433,4762,5318,7636,4988,5781,5098,3754,11598,3879,8140,6088,6699,2822,4532,2868,3147,6105,3549,5182,2187,3841,3897,4519,2593,2544,3396,2258,23746,5348,6717,4829,3559,8890,3965,3688,3283,2850,5979,3672,2350,3485,3298,4079,4420,8348,5106,3273,6330,4996,4155,7790,7749,2999,3392,7476,3294,5210,6792,3241,3204,4038,3334,3402,3333,6577,5394,3388,5034,4126,3812,2953,4819,2652,2357,8652,4470,3995,2839,3412,3737,4038,7109,7642,6856,6038,4096,4464,3182,4365,3742,8544,3694,3174,2400,3762,2815,3841,4390,3116,4401,7898,1284,4378,2110,2583,3327,5946,4673,3268,9443,4800,4910,5753,4970,2989,3929,3262,5377,3175,3816,6973,2959,5003,3813,1552,5784,3002,4454,4639,4080,4066,5173,3508,3252,4372,4603,2657,5443,4778,6095,3002,9431,4473,4235,2672,3327,2384,3274,5443,5055,2156,4770,4686,2987,5701,5406,2486,3520,4030,5270,6629,5820,4207,3249,3895,2189,3718,4613,4788,5399,5144,3007,2225,4997,3753,5169,3720,4334,2525,2477,4808,4470,2730,4376,6260,3718,4280,4037,4462,4605,6613,4246,2943,4222,2578,6294,3692,2615,3346,9856,2470,4905,3496,4612,2437,4658,4258,1897,6419,6641,8144,4746,2569,2381,3417,2306,2424,4791,3182,3455,15901,2876,5663,1400,11757,1781,3329,3582,5490,3917,7328,2364,1563,3639,4434,6577,6543,3456,8588,6926,2930,5901,5473,4883,6991,2802
"STK11",3496,3496,1847,3340,1582,2429,1761,1675,2125,1492,1322,2095,1325,941,2912,1796,765,2689,2521,3717,1561,2089,4076,1090,577,4132,1878,2057,3389,2784,4444,1703,1584,1415,1533,1304,2879,1832,2369,2292,3175,2189,2380,1228,2776,1756,1870,1929,1812,1553,3235,817,3396,1223,5588,2338,2593,1165,2100,1775,576,1311,935,970,488,790,4220,4359,1466,1486,1286,1844,1949,3379,2893,1550,2384,3937,3861,804,2103,3859,1190,4133,2439,4078,978,4168,1005,3368,1207,448,619,1399,1162,842,1004,1048,2786,1773,4171,4552,1941,2610,1190,2435,1443,2640,3778,1264,1778,1428,1211,3099,1085,562,2960,2014,946,1059,920,942,2399,785,897,1491,4075,1547,1822,1736,3435,3444,1482,911,1471,1343,1363,2070,915,1800,7350,2972,1374,645,1506,2189,1333,1816,1179,2151,1780,1072,2188,1315,2009,1612,3125,1478,897,2175,1384,1654,1433,3433,2286,518,1053,1130,1455,2077,3120,3856,2567,5115,3767,1763,1093,3600,1328,1668,1626,3549,1247,2500,1278,3586,3655,1274,1633,4070,965,1226,1471,2347,1185,3399,1754,2739,1506,2892,1115,1176,2204,2205,3270,3367,1623,1154,3997,1010,1363,3862,2609,3780,2878,3441,3174,1559,2710,4732,3886,1359,1328,1577,2803,1935,1809,1136,1228,3381,2018,2976,1214,1683,3003,1289,4098,1330,1039,3685,2761,3597,1399,1205,2676,2832,1405,1079,2040,911,1176,2406,3617,3468,3421,2516,1277,1966,1911,2337,1497,2017,1848,2852,1783,1135,3299,863,1724,2953,2384,2809,2111,1134,2440,3988,907,3608,2456,3111,1917,1012,1325,1384,2524,2955,4028,2764,2375,1509,1257,2681,4821,1557,2014,1716,613,1939,3164,2127,932,4781,1936,2425,1263,1257,2424,3164,1127,3073,2042,2574,1614,3162,1323,1996,526,1672,2961,2101,1295,1815,2250,2540,1955,2694,1960,3277,2743,3312,3265,3944,2933,3716,1153,2917,1559,1928,2276,1383,1514,928,1888,4055,1055,1219,1075,1214,1471,3485,3827,5170,2951,1214,2040,2553,1991,1609,1842,2506,1327,1796,2267,1165,1173,2123,2458,1044,1058,2351,2432,2721,3148,3361,1484,1609,4151,1508,4333,2039,1661,1659,2949,1818,1460,1498,2255,2175,1238,1603,748,2201,778,3825,1300,1607,2488,4548,2490,878,1645,4032,1818,3103,2894,3532,4030,1539,2761,1371,1966,1614,3793,2343,1260,628,2444,1433,3118,1298,1494,1660,1957,1085,3266,1965,1930,1237,1724,3296,1585,1946,2291,3399,3980,922,1240,1018,1430,2995,1174,1881,3128,1105,1864,1563,614,1298,871,3302,4320,2686,2593,5376,1700,1327,3152,2107,829,955,2276,4207,1663,6107,3242,2716,1472,1756,1281,1745,1825,1386,594,6105,1166,1368,1963,2494,1609,1552,1540,3520,2666,4879,1928,1318,2741,2342,956,1677,2207,1505,3015,1244,807,2800,2287,3693,1572,2784,979,1098,1211,2469,1284,2021,3503,1419,1658,3324,3582,2609,9214,1900,1085,2740,916,1912,2943,1154,1668,5596,963,1547,1991,2441,1955,3246,2630,550,3832,1794,2517,1539,2628,1663,1746,793,1310,3221,2174,1692,3109,961,1206,401,2387,761,2227,1574,2739,1779,4091,1436,993,1435,3662,3334,2220,2332,3134,1621,1583,2553,3755,1237,3824,790
"ACVR2A",737,737,1220,1471,1604,1717,364,1004,1693,209,1556,1791,2450,2061,517,1850,533,325,2775,2310,1231,396,1002,2192,287,534,2051,2098,1791,792,1456,1291,1564,1117,1429,2625,652,1356,1974,877,529,370,1111,2437,1012,769,780,1722,2572,875,1703,1578,1866,1270,1679,428,1429,1152,1184,1535,255,1391,3543,1672,944,1462,1861,917,1423,396,1637,612,781,510,2733,1909,535,2913,1243,1346,2502,664,2258,1042,857,934,1422,1282,364,724,1447,731,1739,1735,926,1201,2224,3082,2597,791,841,425,1130,780,1546,767,1076,2440,1730,2008,2325,681,2435,1923,1703,1320,1383,1219,957,1717,235,2049,353,1836,790,1889,1546,2073,1136,1781,1562,395,1830,1142,1859,385,1604,760,2048,273,727,498,1224,324,948,512,1593,215,1056,594,1594,718,1381,547,1579,1406,1960,2476,3487,1076,1494,1311,322,1936,1826,1272,1693,1761,635,609,850,530,2435,807,2486,1308,1613,685,522,1824,276,521,1682,1157,1028,616,508,1050,1713,2220,1505,1826,1491,969,1777,1278,1230,1165,1656,2500,1842,631,382,251,741,1382,330,1883,1491,2060,1872,812,3150,612,1969,3222,712,1168,669,519,1461,1593,611,1704,5342,1074,1756,2001,2126,1138,1361,1108,478,738,617,1342,1713,1712,1391,1077,766,1854,317,1361,364,636,975,2165,290,970,1270,1608,1275,811,631,346,1857,357,574,456,1789,1827,557,842,1432,1533,1802,2424,1254,770,2092,494,636,1519,635,1332,1997,1132,1181,448,219,774,2369,3345,938,1286,525,562,1596,2233,1352,783,1405,1874,260,717,447,498,833,1163,1418,891,1689,566,1374,1541,838,794,2184,411,533,630,2088,444,1468,1222,527,2269,606,523,2138,1907,606,760,971,1000,1774,601,429,501,967,1319,924,1272,984,294,1705,1891,416,1540,743,965,1885,4048,789,1495,1005,1845,2031,1595,1066,1117,947,2164,847,480,2244,2144,1460,1287,2473,846,581,968,1904,1181,826,1004,1969,1713,1018,553,1769,1067,2009,1883,747,1582,1037,1072,1705,2277,893,356,1294,1264,714,2774,2107,1091,1552,725,823,1029,1371,2301,537,797,2018,1486,1282,751,336,2018,1602,1891,535,3463,592,1349,1910,689,543,1618,1772,863,643,1368,907,705,1770,1502,2272,159,481,791,344,3116,1847,2504,1158,382,320,958,1049,1557,1777,614,1944,1070,2543,1214,1601,1973,2101,1232,357,1844,1840,1211,1359,715,935,507,2119,2002,2408,294,2609,1521,277,487,2154,2100,1669,1666,1123,1494,1674,1678,1492,1097,737,603,939,1934,768,1577,508,888,2495,1115,1573,491,422,2368,834,395,1852,2300,488,1985,759,1687,1034,530,368,826,1293,559,2364,1602,2528,641,1316,2137,820,946,2252,4774,430,801,5172,1657,973,1135,1225,1740,726,1310,1573,2375,1249,1880,3180,2882,1404,731,571,453,2825,1085,1449,463,540,860,2635,1062,885,1716,482,1635,952,1763,1043,314,619,890,481,1784,782,734,668,1436,1588,1946,2683,503,3827,1726,1329,2225,127,641,1012,656,1333,2633
"KRAS",2203,2203,4287,954,3314,1907,2091,3215,2246,3550,2486,1842,3218,3124,1825,1996,3315,1044,5224,5498,2208,1657,4278,2752,1994,3434,2486,4499,1823,1444,2833,3518,1697,1021,2179,3133,3104,2450,2662,1535,2075,1475,1580,2272,3137,1214,2713,2793,3540,3166,4490,2234,5566,2552,3309,2732,3264,678,3394,3136,676,1660,1812,2760,1513,1600,5158,1795,1234,2709,2890,2228,3074,2154,2555,3786,1922,6019,1911,5631,4666,3099,2482,3336,2337,2381,2828,3906,1916,3115,2905,1702,2276,2159,1090,2930,2075,4441,2788,2484,1869,2518,3563,1867,2648,1685,2301,2832,4698,1306,1568,1116,2490,2286,3540,923,2306,3562,4020,1514,1893,1747,2537,2634,1189,1378,5316,1815,1311,2849,648,2368,2473,3093,3288,1203,2590,1438,2880,1786,1897,2062,1563,1534,1854,3116,2299,360,2482,1547,2303,854,3703,1454,3586,1615,3081,3348,2758,2524,2659,2684,1763,2460,16485,2894,2171,2876,1698,2918,1857,1537,5895,1246,6416,2723,2324,2201,401,2498,472,1361,1967,4377,2066,2620,1727,1412,2438,7901,2691,3481,1777,3545,2673,2607,1591,8294,5634,2793,3458,1558,1352,2135,1888,1757,752,2630,2178,1813,2040,3466,2904,2351,7022,5141,1182,2729,1061,1774,3644,1388,1291,3594,4544,3667,904,2671,2329,5583,5284,6019,2738,4239,2697,2367,4640,2687,2431,2335,1810,5308,3121,1513,5330,9121,858,2274,2077,935,2580,3867,2981,2122,1759,2320,3405,1457,1456,5641,1627,3625,2637,1462,1808,1177,4003,2551,2020,2978,5393,2630,2034,1396,1830,3921,1711,2250,5374,2882,110,866,2255,2990,3358,3402,1611,2093,3258,1250,2122,2090,3383,1679,1811,2502,149,2839,3469,2848,1963,3690,1717,1641,1170,2698,2441,1920,2237,2661,1334,1134,1472,2531,3488,3868,2870,1904,2994,2847,1993,2193,3008,2401,3904,1741,3523,2088,2449,3201,1987,3633,2301,2815,3781,1074,1529,1576,2191,1845,452,1646,3519,6049,2131,2212,1753,1907,2896,3798,2926,2831,3623,3056,1912,2695,2754,2309,2762,3930,5028,2272,2177,943,3206,2731,2888,2700,2201,3064,3026,2427,6604,4237,2582,1808,2545,3774,2953,2864,3719,3501,2023,2131,1575,1014,2113,1421,2051,2359,3159,1625,285,2783,4297,2656,2649,3978,3618,4408,1331,1818,5807,3154,4460,4980,5288,2554,1478,1490,3926,3395,914,2267,1226,606,2552,1540,2382,4006,1974,2516,4271,477,1669,1880,975,1674,2414,3723,2181,1936,2163,3939,3231,3224,1885,2019,2778,4443,3355,2031,4491,2996,1002,1273,624,458,3448,2591,2431,3005,2063,1221,3322,2317,2543,1875,2137,1447,2325,4690,2048,4754,1925,1135,3135,2365,1632,3115,4295,6356,868,2045,2445,3669,4437,3742,1418,2545,11282,4451,5535,1374,1663,2570,1358,13534,2205,2819,2914,4111,2114,3100,1177,2237,5510,1326,2077,906,3371,2201,2138,1924,2145,1696,3776,2577,3727,6102,1558,1535,8046,3029,2555,2631,1803,4079,4035,3250,3192,7717,2059,2520,1760,2499,1676,2006,1946,458,6223,1171,1794,2627,3372,1900,3479,3007,1698,4378,1986,3849,2471,2540,1966,805,3659,980,3032,1970,1935,1603,2038,2253,1955,2280,5572,1376,1960,4197,1561,2666,122,5849,5483,3340,4683,3017
"MEN1",2673,2673,1984,2354,1542,912,1552,1193,601,715,503,803,604,569,3562,733,395,2169,2728,1448,509,2306,2575,572,1487,2168,551,1293,1910,1727,1279,1256,629,523,642,513,1521,393,673,1518,1572,1251,709,426,1927,1150,964,423,734,604,2755,273,3075,543,2910,1263,2297,535,867,1375,169,444,310,436,175,353,1449,2262,558,1247,538,1708,1727,2102,3705,1062,1226,1388,1701,521,1062,2326,462,2625,1085,2374,627,2112,870,1787,621,164,381,417,467,563,583,480,2105,1963,2366,2155,1475,1490,498,1330,662,426,1543,399,503,932,539,1488,626,295,2306,645,1142,449,1015,438,1749,337,397,547,3299,514,528,829,3072,2653,548,552,540,923,648,1066,481,1239,3766,2477,637,260,650,989,502,1335,684,1318,1589,471,1472,1227,1864,619,1960,534,441,1357,968,429,2388,1995,668,1087,394,590,2129,2498,2246,145,1385,1886,2600,806,506,1722,416,633,859,2406,426,2641,563,2082,2583,829,675,1491,412,596,613,2850,536,2209,621,2460,1391,750,412,869,1161,1555,2431,2239,703,339,2874,405,633,2110,599,2213,1887,1964,2240,1552,1421,792,2625,463,636,932,1395,874,1260,589,381,1198,1726,2065,2251,1339,1458,446,1171,517,528,1922,1566,1830,1602,414,3280,3020,437,421,1494,311,450,1128,1971,2132,1832,1910,623,2191,1556,1797,504,1927,1268,1498,584,381,2007,384,765,1646,1015,2112,975,381,2262,2278,356,1881,1318,2135,795,427,355,582,1193,1797,1092,2452,830,1809,550,1224,1968,495,1530,736,244,1375,2020,1972,385,4160,607,1120,406,560,1681,1633,507,1751,1473,980,622,1144,609,1792,444,628,1345,1586,487,704,1574,1487,2279,1560,1545,1931,2181,1517,1733,2254,2183,1484,321,3094,395,709,2257,608,2226,581,626,2978,494,412,985,688,450,3384,2044,2784,1889,563,1948,1650,583,758,555,2353,589,904,2253,408,687,689,3094,379,496,1838,1998,2767,2318,2201,426,482,2332,662,2108,1545,1076,596,2135,3745,616,578,1566,2154,462,1358,1078,1499,747,1980,540,490,2140,2044,1025,537,657,1734,1685,2313,1946,1652,2136,453,1205,481,798,1546,1911,650,395,292,987,476,1447,494,418,694,1523,634,1202,1615,1134,438,613,1972,518,1761,1763,2312,2262,454,659,737,557,1145,555,831,3163,493,991,599,354,927,440,1438,1164,1418,1155,1595,507,497,1462,1484,442,2013,1638,1835,413,2914,1010,1005,1049,764,353,806,1267,844,278,2002,535,641,1811,831,821,652,858,2612,2224,2102,1552,650,1818,2299,461,2171,1794,766,1383,511,358,1972,1836,1789,633,1672,407,419,616,1922,437,699,1797,1121,585,1505,1561,1757,2203,600,858,1661,319,2144,1821,603,791,2860,379,690,1283,769,573,1598,1606,207,1741,2682,865,869,1182,589,1350,278,444,1391,1525,585,2085,506,518,297,2909,324,1532,583,2094,959,2370,595,326,537,2936,1961,2107,862,3357,1420,612,1237,1887,429,2613,324
"APC",904,904,3058,916,3092,5351,2301,2939,5972,513,4878,5056,5964,3989,2081,4179,2784,2126,3668,5629,3460,1079,2440,5336,1287,2205,4745,3527,1213,970,5006,2487,3142,3181,3685,5788,1424,3088,5923,1518,1237,1019,4991,4134,1269,1193,4468,4502,6169,3539,4480,2948,4403,3881,5883,633,3955,2387,4534,2739,925,3159,4601,3786,2242,3230,6715,674,3211,2277,4407,1027,1092,941,5128,4729,1062,6780,2033,3547,6232,1617,4989,1644,733,965,4503,6505,663,1574,4105,2065,3524,4695,2603,3632,4870,5649,4561,1491,3953,786,2305,1456,3637,1097,4677,4456,3681,4160,4002,2532,4939,3173,4577,2736,2408,3791,2083,3650,462,4929,2265,5163,2595,3752,5085,5487,4199,3605,24603,2228,3767,4392,4205,540,4891,980,4010,1654,2695,972,3906,2045,2433,2052,4165,138,3533,1321,3687,2361,6338,685,5449,6385,4918,6368,5298,2577,4145,4107,922,2263,3411,3248,4724,4018,2675,1939,1488,2556,7683,1393,4348,2706,3909,4930,1390,2116,714,694,4428,2358,3307,1518,2585,1418,4831,5049,2882,3658,3801,1454,3521,2286,2939,1633,2452,9127,3739,460,671,2035,1605,3084,657,4140,1409,4423,4810,1105,5727,938,4437,9169,1028,2367,1097,1400,2407,3590,2109,5124,3624,5099,19803,4593,4402,7626,2761,3380,2503,1146,1194,5408,6689,4586,4225,1258,1166,4021,1520,3155,1121,1674,2447,4776,1936,2132,4526,2945,3339,1490,1196,1688,4504,755,900,2099,4144,3975,1235,1100,4361,3042,4345,4250,4452,2846,3954,1135,843,3291,2897,2343,4080,1276,2671,2720,804,2250,4908,6788,920,1956,494,2205,6387,2397,3622,1145,1497,4092,1899,3053,2929,773,1063,1279,3009,1243,3505,1581,3160,3981,1167,1360,4066,2462,894,2325,4826,1026,4854,3719,2144,5364,825,970,4852,4007,2716,1153,2056,1239,4769,1305,819,1856,1509,9947,1800,2196,4205,1018,3759,3925,2454,4531,9922,2480,5142,6202,3855,3789,1547,6178,6144,5837,1896,1577,2256,4364,2753,675,5776,3940,4706,3242,4002,2764,2488,2937,3935,4599,1864,3770,4794,2575,602,1621,4250,1288,3174,4291,1725,3677,1322,1445,4093,4573,1402,906,3919,3199,1398,5593,5425,2020,4657,1454,9637,1644,4346,5942,974,1049,5183,4943,3766,1468,1303,3384,2742,5130,1500,4835,792,4019,6918,1711,3661,6338,4083,1923,4560,3377,1190,3289,4987,3843,2860,195,808,1851,813,4921,3818,2629,4399,1564,2606,2786,1552,4246,3974,2191,3531,3234,4798,3264,4538,3949,1783,3159,1212,16570,4336,1149,4029,1441,818,293,5142,4565,2062,2270,4940,22163,2072,2173,4659,4849,6268,3526,4175,4566,4093,5276,6574,3786,1739,384,3577,4208,1686,4287,829,4648,6035,2692,3433,2386,1606,5232,969,1545,4643,8183,2375,4203,1127,4490,3103,1305,1098,2052,3516,668,4649,3557,5105,1117,3966,4094,1119,1873,4863,3385,409,1013,8498,4366,4207,5629,3759,2431,1375,4062,3947,3555,3359,3404,3653,6571,4238,1519,525,1160,6310,1357,3274,1421,2833,3108,3831,3673,2587,6115,656,6111,1937,3882,2283,1372,1950,2047,1270,3967,1106,1562,1487,3191,6580,3903,3732,1688,7416,4795,1116,3671,802,864,1198,3381,3403,5134
"ACVR1B",2979,2979,979,1996,1625,5307,1253,1864,2517,3092,1827,2711,1794,1155,1997,3405,1932,2568,7860,2221,1722,2410,3498,1338,1582,860,2471,2412,2050,4730,2270,3604,2107,2750,2619,3136,4868,1791,3831,2735,2601,2534,964,1904,4304,2533,1430,2289,3030,1353,6707,1483,9827,2909,1973,1203,4795,2225,1531,5444,576,1463,1253,1223,1220,1916,3908,4323,2732,1538,3156,4336,1240,2191,3041,5853,2457,4385,1056,1779,5575,4120,987,1907,3739,3596,1773,3284,2001,3687,2278,502,1272,1816,2097,1734,2102,1427,3183,3222,1359,3706,2150,2154,2879,4090,785,2111,2123,2420,1770,1359,1600,3070,1674,997,4775,2031,3329,2429,756,2242,1509,1361,2428,1510,10696,1634,2453,1477,2955,1068,2243,2642,2571,1911,3455,2563,1840,1185,8361,3725,1586,557,2058,1091,1777,368,2354,3182,1794,2666,4126,1653,4432,6751,2836,1766,900,2195,1981,1591,1038,3119,1987,853,2451,1701,1450,1691,3589,3000,6944,3031,6135,2379,1270,1174,1832,1104,2751,2673,1653,3219,1679,1161,1112,2136,1843,4695,2129,1997,907,5310,1919,6514,2162,1541,3759,5228,1785,1734,1616,1350,2276,2594,1584,1028,2198,1364,1248,2688,3402,3952,7457,2327,3873,5984,3881,2836,3478,2006,1744,2529,225,2239,1799,1470,1457,4495,5030,4957,1141,1705,2177,2373,2599,977,1679,4782,1991,3777,1963,1746,2986,1235,2798,1434,1491,1962,1822,1388,3572,2180,1337,1640,1929,2247,2402,1076,1139,5902,1329,3414,2341,1928,2272,934,1028,2542,1629,1718,2513,1300,2130,5015,1600,3130,4106,2702,1710,1593,1629,2732,3484,5186,1619,1338,2516,2587,1314,989,3907,1992,1248,728,613,1685,4799,3519,1262,1890,3331,2310,2677,2044,3541,4152,1091,1142,1765,1910,1375,2716,545,2063,1556,2935,4134,2050,1500,2467,1545,1965,2040,5585,4642,2574,949,1764,4725,3809,3992,4322,1313,1004,1636,2218,2000,2863,1112,1657,2759,4464,1131,2074,4765,2220,3072,2609,3927,7857,3250,2105,2255,2140,2360,3151,1815,4883,2216,2819,1848,2904,1676,3317,1266,1329,1254,5392,3646,1177,8164,3799,2018,2556,3979,2638,5331,2130,2760,2895,4702,2398,2488,1723,3708,901,2577,3631,2790,4336,1505,5748,990,3214,3155,4237,3327,748,2350,4483,1228,5582,4155,1786,4112,1350,1223,2349,2891,3619,3263,4104,1679,1414,1664,2389,3692,1302,1312,2425,1410,1042,3275,1097,2109,1523,2277,1808,1807,2113,1727,1078,5255,1995,2070,1299,2520,2623,2664,3164,3370,1372,3447,2973,537,1874,1543,2207,1962,3520,3269,1579,1484,1263,3103,1521,1390,3446,1225,6527,1357,5895,4181,1021,1941,2605,1511,2302,3157,2574,2087,2335,917,1056,2503,3242,1580,787,2622,6414,3167,1578,1103,1853,3016,2181,1627,4077,1798,2079,2508,1996,1026,1483,2798,1989,2179,1611,1589,1317,3487,3102,1916,3395,4281,2911,2197,4144,1576,2148,3023,1488,2913,3211,1487,5066,1641,1383,2796,9750,1104,2001,4283,2775,2719,2202,1266,1527,6486,1117,2114,1229,2427,2555,2056,1673,1112,1550,5833,1575,2721,2790,2068,1172,1981,1503,1888,2041,1582,4474,2284,2664,2159,2105,1325,929,1868,4279,2605,2953,1635,4541,3586,1634,7152,2399
"BRCA2",361,361,2356,27,591,716,476,1003,855,90,1703,570,1694,1078,2733,536,2025,2962,497,3489,1251,1708,249,1269,813,3745,1140,1945,299,145,3632,420,1096,294,620,1072,259,567,1016,116,332,227,1413,1175,228,124,1245,1238,1222,1396,406,897,499,1404,2339,375,350,258,1049,329,438,819,700,1039,425,902,1410,161,437,1487,1086,194,1844,291,2243,1081,218,3481,2202,1144,1640,193,1505,406,81,254,2017,3982,133,602,1309,762,573,1082,467,1200,1044,1371,2643,1158,2816,311,323,217,1033,88,1919,819,2561,474,603,386,1323,1264,1065,484,323,796,336,586,130,602,305,613,499,798,916,867,432,1656,2948,3655,578,866,1620,107,613,144,987,314,20,278,1010,752,717,2309,1055,105,569,244,1484,118,890,111,5066,911,1655,1334,1255,1902,958,1258,2598,199,1241,944,808,1219,3468,3178,176,176,1574,54,679,627,1102,88,111,847,29,136,934,418,742,468,2417,629,1021,2280,1255,1806,1338,401,667,172,577,1454,377,1140,770,87,125,563,369,858,92,1567,296,589,981,281,3224,182,1259,1526,74,237,96,33,452,471,835,995,2429,1229,2585,1117,750,1274,422,354,3813,1408,369,1325,1333,1335,1249,201,120,828,1757,497,417,1515,317,926,546,223,1022,1503,1246,265,260,3158,1361,150,269,1320,927,416,2939,115,1042,383,4263,1132,1186,3469,713,2129,158,599,31,963,757,223,354,5105,62,283,1555,1814,233,358,88,2760,1014,1720,909,162,479,668,576,1511,359,199,157,231,1111,726,577,198,448,1207,266,255,816,4074,189,939,515,482,924,1150,1420,817,153,146,1020,809,1323,191,448,202,619,329,1050,348,369,5489,279,306,1507,417,1128,1216,2813,606,2972,713,1918,1233,1124,1015,100,405,953,2309,274,220,248,1263,1743,194,1242,996,1448,270,1260,790,3120,214,753,962,5478,758,583,246,329,2968,293,249,1492,813,335,960,193,434,1367,1068,254,832,483,243,178,938,790,413,4399,137,705,226,876,1438,265,184,831,1553,389,172,793,434,648,3582,594,1327,161,503,1792,377,619,748,600,225,1813,372,91,992,1285,1049,4907,40,522,1969,116,790,1225,2280,855,2082,207,7753,248,1593,655,512,813,5776,1280,638,671,1357,1764,400,287,1181,784,152,2355,382,191,347,1462,1204,2746,324,1438,13323,898,256,1055,972,572,1545,2816,1068,1296,2022,1989,2087,228,161,1924,1266,426,1016,350,1932,1544,246,418,38,1155,1303,143,9950,602,2384,849,1778,147,774,683,650,8298,2778,419,170,705,461,782,124,660,512,479,276,1155,529,179,645,3061,1249,1973,2746,1092,311,1781,1700,605,269,742,882,3151,1153,806,249,314,104,2328,449,1571,3530,928,729,1213,553,596,3500,116,1334,537,1018,876,843,301,363,694,753,183,163,300,553,783,869,4653,563,1154,1182,305,3539,29,188,372,2687,928,1056
"SMAD4",1171,1171,2220,2832,3114,4819,1861,2817,4772,993,2982,3653,4628,3167,2288,4112,1640,557,1531,7122,1753,747,1387,2813,2145,1787,3734,2718,2547,1680,7446,3575,2966,2688,2998,3039,894,1951,5098,3184,2388,2762,4844,2951,1809,2182,2752,2351,5167,3324,6384,2501,2020,2306,161,1235,6060,2650,2123,3328,1092,2422,4761,2783,1432,2958,6886,2509,3716,2031,5762,2625,764,1731,4649,1453,1782,1578,1524,5192,3579,1721,3521,1593,632,1972,4481,3668,944,2376,4536,1687,2744,3052,2954,3506,5337,3788,1772,19,2358,2465,2629,1768,2732,2756,1742,3275,3720,3802,2924,1222,3144,0,3883,1909,3852,2706,2490,4855,927,4086,2105,3683,3191,3564,7390,4075,3527,2333,7349,1551,3725,3745,5248,1195,2923,1429,2649,1654,5772,3140,3111,1462,2436,622,3231,935,2995,2387,2827,3407,2765,1235,0,1739,4419,5094,2453,1293,2162,4050,1472,4156,3085,2387,5985,2957,1412,1711,2882,4398,4978,4352,4135,1875,4118,5323,1915,2495,1355,2616,3341,3431,1902,1831,358,1185,3206,3734,2597,2107,2300,2216,3214,4456,3210,1940,4174,6960,2258,1308,685,2074,2300,930,959,2409,723,2940,2874,2633,2331,1987,2906,4288,2155,3534,2432,3518,3747,3903,1206,4131,5146,2172,4115,2817,2724,4562,3242,4804,1234,1859,1467,4555,7058,3400,3216,1690,2236,6293,359,4047,562,1926,2828,3711,1867,3665,4139,4762,3771,1279,2452,1,4407,2569,1776,1562,3440,5096,848,1091,3669,3448,2976,3809,3410,27,3653,1788,972,3114,3381,2895,3842,2712,1907,1359,858,3019,3011,4474,844,1692,1900,1,4791,1843,2646,1972,3063,3176,1870,2618,861,1460,2381,3185,2824,1418,4675,1880,3520,2586,2490,1904,3309,0,2054,2006,3875,627,3182,2681,647,3807,1076,1198,4165,3544,1996,943,2656,2198,5131,2499,2037,2659,2169,78,2695,3172,3448,3506,2237,1373,1302,4383,3611,2655,4521,3213,2592,2721,2279,5296,5657,3636,3173,2599,3026,4694,1,753,2608,3557,3383,5603,3040,1727,1,3614,4502,2213,761,4427,2309,4787,1197,1426,4283,1312,2605,3405,1882,3411,3842,2427,2257,2774,2883,2,3994,2291,2315,2364,4832,2933,2739,2538,2485,3138,4301,6022,2315,2739,4050,1721,3335,1786,1878,5537,3221,1410,2276,2933,2150,3962,3964,3262,2968,4817,4246,2339,3802,3039,2190,2925,5207,3251,2225,775,3026,2406,1306,3731,2307,3446,2622,460,1734,1947,2083,2664,1757,1354,2972,5392,3737,2327,5376,2922,1275,3484,770,4915,3429,2216,5855,1004,2662,836,2702,2280,3748,1761,4929,1418,2109,1049,2904,7704,4725,5164,3262,2190,2149,4256,2861,1922,2815,767,3780,4134,2341,2812,880,5084,3118,2551,3704,4010,1934,4161,2695,2901,2907,0,2317,2166,2197,4417,3006,2229,2973,4,3494,2113,4523,2040,5649,2961,2935,3774,1644,2359,4231,6045,494,761,9406,2981,2975,1339,3110,3204,1226,3832,2034,3702,2415,3306,1459,5240,3512,2770,750,1925,5653,1603,1,2167,825,2125,3113,2002,1640,2038,427,4600,2976,2681,1805,814,2750,2680,2031,2956,2195,2584,3003,3179,4921,2778,5152,2852,3630,2046,2100,4376,678,2138,2951,2446,7094,2444
"CDKN2A",2714,2714,1048,140,140,122,836,779,63,438,291,245,370,411,1,400,1057,1162,1411,137,198,1494,74,463,284,503,77,0,195,1401,3,274,1041,73,1065,83,167,394,24,792,305,3,140,38,56,227,534,37,529,63,159,60,80,60,8710,44,342,22,328,869,56,198,58,370,101,48,12,40,91,189,65,1523,203,3778,0,36,54,3501,0,1328,39,4889,48,508,7,89,20,1,16,575,2024,19,31,243,49,34,83,58,3739,3257,2257,115,48,43,479,145,30,877,793,34,41,57,39,1,49,155,620,47,31,44,29,64,1489,269,53,137,65,287,14,91,507,2,1637,89,569,60,38,102,774,1257,99,4270,31,52,682,1,209,15,29,59,0,22,1666,43,1856,17,0,159,796,2151,1755,358,1497,265,82,15,68,72,5,1,65,33,55,369,392,24,74,36,8,848,40,157,516,130,309,1750,1158,1205,87,0,33,49,61,1341,1500,524,115,0,40,50,1968,90,527,1322,252,5077,39,74,3022,78,106,33,359,111,737,143,188,177,47,390,480,73,44,595,2162,824,38,77,47,28,62,1261,2023,566,801,66,59,229,43,75,92,546,534,38,2177,3,47,362,476,12,258,1463,442,48,202,4,508,413,4285,2,161,704,817,115,253,131,540,79,331,0,1086,3,32,91,148,753,32,641,615,2,20,31,46,45,4501,76,220,7,623,1,924,252,163,92,322,3924,12,106,48,526,193,3791,67,46,29,45,56,126,418,1,49,76,127,1128,373,1587,18,58,25,273,186,73,940,2432,3114,88,186,5099,0,26,2863,2466,91,90,56,4206,265,40,0,77,40,30,578,1510,339,51,324,160,24,23,2586,3556,1092,566,539,1987,92,355,47,74,451,1536,802,28,900,85,2256,705,54,165,3278,1,738,1151,35,61,1586,35,82,2558,1039,83,140,764,105,159,1592,0,54,56,1048,117,9,1301,299,34,154,1695,331,55,64,1014,1,205,228,0,1223,669,269,179,1058,21,10,35,136,15,2462,409,3654,997,113,75,0,86,104,0,303,69,636,1107,295,514,1240,3088,50,373,33,1221,427,1607,465,51,606,551,0,60,100,64,375,2417,1,15,315,62,47,903,2024,808,66,0,1030,28,72,391,46,1329,1731,492,252,963,1370,18,12,3285,273,68,4286,3178,567,95,98,51,127,216,2134,55,263,3494,66,1260,332,60,2458,338,155,119,4702,3,184,240,77,160,60,257,442,354,6733,309,711,3518,717,65,625,102,872,211,76,101,2,531,125,1752,637,66,0,91,14,183,2953,3,688,1,1,928,6018,68,1,360,278,982,95,308,103,119,947,104,804,18,291,633,2155,50,336,1130,37,90,1705,181,10,40,49,2,19,1330,29,652,127,39
"ELF3",12763,12763,30003,613,5586,8592,6889,6318,3897,18060,7279,7407,4745,3078,7269,8506,2996,11887,24017,34647,11813,5454,16314,7921,8325,10123,9694,24315,7602,18514,19805,14657,7827,8043,11736,13371,30643,6007,6489,5856,6947,15984,20,4920,37737,5392,2934,20358,11150,7230,23011,9323,41496,13048,26878,9690,7073,1865,9328,18714,20,4697,892,8803,6536,5024,7001,23965,4859,8823,12283,20370,2883,7773,19987,16907,11267,68017,16268,10374,34400,15471,2847,41045,23069,30571,3365,17114,16266,9343,8902,1764,5624,5692,3563,8356,4492,9220,38216,10496,35061,15254,3888,14831,5609,15876,5394,11985,49874,4359,754,3336,9752,20316,8440,4291,14864,20474,11612,5279,3296,5832,8178,5309,4489,3177,26401,2954,29,4830,7699,6541,6423,7385,14921,4920,18332,13291,3552,6715,3690,20231,3829,1793,8009,11955,9268,10642,7796,18641,19390,1592,31677,7333,18925,10839,30505,8576,2343,15519,5207,7618,4959,2218,5218,12954,5407,6230,9995,4775,11128,4054,21903,1515,40803,18457,2990,1369,1219,9659,1816,31886,3949,17450,6739,10348,15237,11511,6515,48001,11599,8438,4273,45532,6692,22184,5953,16134,12873,8540,11774,11034,17578,8426,9062,30862,3772,4375,27998,4287,7959,15240,25511,32156,26427,26582,9596,9847,9852,9940,27836,4765,10948,12438,38638,5487,3942,6075,6942,286,30953,33713,11180,13665,11003,4792,4309,6723,8400,37473,23117,53358,3942,3530,18002,13446,4315,1975,6327,2508,3779,26327,4063,25503,4188,16309,7571,12271,12251,17038,574,13904,8629,23518,10577,3915,32590,3539,789,16256,26805,15045,18403,1747,658,27451,8031,22587,39110,9029,1444,1932,5450,6367,36555,26605,47560,8844,12120,27223,3475,3349,24392,5889,6089,1767,4505,13379,24248,21555,2653,6615,5392,8621,2184,9865,12679,24070,3910,14320,3603,3714,1839,13862,6203,37686,3358,6771,38990,13360,3592,10507,14454,16621,20120,17079,3490,2218,12936,14332,35156,4409,15987,10830,9115,57,7625,12974,8151,8453,197,5580,13001,124591,1844,8366,7480,320,4562,34572,10593,62666,26917,3013,12791,10574,6732,11399,4927,15909,5862,14814,12764,2133,5894,11108,15072,10846,5584,19370,14736,3354,11853,35454,15092,7139,25240,14979,28240,15061,11847,14799,22768,4200,8577,3567,13561,52119,6741,4324,34405,12963,1066,46188,6288,9018,14544,51512,19244,4407,4473,28882,19115,14007,24268,34596,61634,1479,3018,5601,19965,15483,10497,8244,180,1343,504,6338,25231,2505,147,17887,18957,3339,20476,21623,5541,5356,13161,14761,9170,5579,7989,12641,19703,6463,12196,4043,8643,23847,12632,12769,8075,7335,29946,6265,2437,69,8158,18035,20420,14282,11531,9335,3235,6201,22812,7426,1892,6903,7269,73199,5320,17787,11512,38166,6183,17476,6938,4959,10450,11573,1804,28842,1584,6696,25802,13478,11739,79,28071,67435,15202,2009,2621,8157,12185,3463,5219,25624,15538,8775,7672,8627,1794,5517,6598,18125,15445,12604,9657,5486,5896,14431,5517,10622,40344,8732,10184,44330,22830,15414,42865,8234,16347,21252,139,37182,9078,2451,17840,31339,5998,16169,48635,5906,6119,4217,12448,821,35122,7461,23709,7125,16718,14794,34138,9902,4800,16756,24464,10293,9255,6373,8320,4502,15374,2692,23328,5346,21339,7541,9634,6514,5056,5772,29510,18,101428,19856,50262,17872,2628,20965,28719,3362,35114,9197
"FAT4",270,270,83,24,2851,4264,733,2303,6294,143,4707,7565,6621,3717,246,3971,2673,5,3900,271,3542,158,683,3851,11,5,5464,55,631,402,304,2318,4466,4067,3952,2831,223,3434,4525,869,1167,44,9477,5682,581,1387,2843,5210,4593,3887,2901,2266,2450,2545,605,235,2660,2865,2891,1649,2140,6650,10823,4127,1261,3504,1679,188,3220,153,2593,325,4,264,83,7736,1160,140,203,3789,1952,1758,7041,404,97,403,2355,999,323,406,2830,1564,4704,4563,2093,3784,7518,4814,202,147,3,192,1854,815,3559,644,2431,4301,384,3520,11745,3196,3816,4323,3333,2375,1767,3433,815,3196,255,5430,706,5844,1933,7437,2973,6846,9969,3381,16669,272,2728,3485,5917,235,3933,713,4134,460,123,262,2075,968,3063,9,2673,16,2202,767,515,1734,1224,465,1048,1653,9,5174,5659,72,3021,3878,141,3129,7307,131,3704,4397,166,63,679,248,5580,608,2727,1577,4026,416,829,3506,185,120,4217,1249,2183,297,117,1986,4974,28,2027,2446,4628,209,3699,1419,4304,81,1694,2939,4545,185,147,543,1340,1517,294,4088,347,5781,4447,681,5089,352,2225,7251,383,1325,566,790,2085,2440,2144,5004,402,1388,9118,3964,5646,1276,1028,1779,24,74,363,2391,7952,5545,5152,465,608,917,151,1677,530,243,3500,7504,750,1517,5130,227,1428,659,426,93,3944,113,585,99,9775,2865,11,565,2529,2461,348,5884,3296,35,2119,102,301,5882,217,1213,6508,882,1225,77,479,1317,4510,10301,376,501,164,704,3303,67,6581,1376,1550,3612,811,1209,560,457,457,661,5157,458,5244,2105,4282,2469,444,598,5280,224,572,2846,6479,277,5004,371,629,4902,230,429,8927,3347,71,393,1494,683,4649,479,33,1306,442,1113,1058,2304,4408,476,6658,2979,32,2697,2861,2753,3836,1943,3112,5268,953,7511,2369,156,956,318,1008,3927,0,272,5724,6663,4456,2156,5837,1026,172,2357,6443,2244,21,2052,5418,1808,176,89,1896,649,4697,3462,470,2359,546,867,4320,3764,633,503,2972,4250,561,511,3852,1141,41,696,3108,245,3929,2248,472,110,3902,2094,4267,242,98,2986,2609,936,387,6849,641,5031,3760,1486,40,6995,9751,1553,4924,3234,540,3108,7278,4069,76,20,109,139,403,10980,4622,1278,3819,255,683,53,765,3875,4965,2181,4509,301,5573,2171,3376,2234,73,3777,1743,18655,3763,842,78,329,910,115,5486,6525,17,655,10749,3451,597,273,4675,2952,3294,22,1489,2593,5804,4778,4559,847,1534,222,2196,3866,532,4573,309,1951,6845,586,1774,1353,1318,4976,683,25,4967,2089,229,2571,884,4528,3739,328,22,8,3397,450,5510,3036,5953,402,2928,5355,214,2354,6134,11,57,411,131,5055,1546,2049,8440,1182,7,3187,5455,1129,3873,4451,3142,7581,2840,708,212,968,5132,22,4987,2,1709,1544,486,1834,1745,129,390,4647,1315,3913,3636,397,608,1446,8,4494,689,1563,1564,4328,2912,5217,185,656,2497,3910,274,80,456,120,289,2792,2845,5427
"DAXX",3181,3181,1108,2213,2320,1476,1875,1407,1120,1630,1121,1655,1234,993,4070,1201,1099,1277,2613,10244,941,2526,4709,934,1110,1125,1218,1804,4247,2685,13340,3207,1183,758,950,1041,2363,1185,985,3027,2656,1482,1671,914,2928,1836,1449,1124,1210,877,4356,793,5144,724,2649,2378,3852,508,1412,2326,542,753,840,1128,505,612,12228,2103,765,1696,1194,1776,1492,3532,2015,1300,2106,1126,600,1127,1829,3232,826,3955,1707,2533,1234,2475,1443,2688,1079,566,700,1078,579,1039,978,860,2267,1921,1302,2737,1843,1787,1164,2315,1010,779,2752,496,1064,987,881,913,1381,551,3400,1295,1949,669,884,806,2272,897,497,1324,4342,1155,1138,1350,2153,2753,827,1072,1389,1405,1281,1472,911,1451,3748,2990,811,577,963,1634,951,2721,928,2109,1565,516,1675,1517,3019,823,1674,1332,649,1664,1480,885,1511,2880,1424,1056,941,996,1574,2638,2393,1337,2720,1063,4330,774,1036,1479,296,721,767,3687,1009,4413,776,2676,2621,1012,754,2594,1064,1188,697,1946,870,2917,1188,2880,2138,1078,913,2189,1449,1794,3909,1995,1008,579,2535,656,1147,3433,1420,3031,3848,3240,2598,2557,1704,1925,2847,732,708,2020,2876,1410,1098,1194,787,3888,2495,3839,1100,1489,3170,815,9377,1235,1062,2225,2272,2308,1117,658,3758,2944,701,828,1631,326,1032,805,4933,2725,3836,1376,1112,2798,2158,2495,901,3233,1395,2105,1070,647,2087,776,1231,1594,2681,3112,1918,856,2208,3608,705,2496,2492,2640,368,356,664,1049,2638,1989,2391,1068,1642,864,846,2827,3075,856,1518,2834,430,2270,1952,3540,849,3559,853,1741,526,1209,2010,1946,775,2138,1942,1120,1045,2803,1825,1416,535,858,2637,1981,1119,1310,1561,1647,2157,2131,3035,4802,1755,3044,2451,1732,3142,2863,856,2742,571,826,2865,992,1450,705,1348,2962,1228,893,1677,1315,841,2927,2802,4194,2956,993,3205,2636,1120,1101,1121,3707,965,1359,1456,634,990,1434,2630,1276,712,2926,2602,2979,3631,3306,762,924,3570,1029,3016,3103,1433,883,2427,1515,1038,931,2093,1457,817,1864,2068,1480,458,3426,1509,744,3079,3662,1748,1035,938,1804,2025,3229,3742,2074,3784,750,2061,887,2111,1993,3345,1036,1114,317,1356,788,3031,908,1073,1160,1649,1220,5264,2020,1241,879,996,1653,1155,1288,1771,4446,2177,1187,843,962,1044,1240,931,795,4485,1066,992,844,412,1640,1497,1961,13248,2875,2463,4673,1183,861,1250,1465,839,747,1664,3835,909,4318,1016,1344,1378,1644,478,1327,2335,2105,348,3500,1428,1401,2236,2084,1295,1687,1904,3117,3374,1826,1580,1022,3249,5204,1057,2004,2132,1200,2687,956,615,4087,2890,2632,1425,3074,1013,863,865,3446,956,1387,4064,2261,900,1661,2421,2719,1203,1118,1810,1947,864,2636,1482,1279,1411,4756,805,1147,857,1112,728,2644,2245,246,2718,1745,859,2179,2306,1021,807,831,495,1452,2424,1482,3904,932,1141,522,2484,345,1275,834,3320,1680,4461,906,547,743,1724,3746,1321,1347,2319,1531,385,2287,3837,1760,3689,791
